{"cameraMode":{"drawMode":0,"name":"Shaded","section":"Shading Mode"},"sceneLighting":false,"audioPlay":false,"sceneViewState":{"m_AlwaysRefresh":false,"showFog":true,"showSkybox":false,"showFlares":true,"showImageEffects":true,"showParticleSystems":true,"showVisualEffectGraphs":true,"m_FxEnabled":true},"in2DMode":false,"pivot":{"x":0.28292369842529299,"y":-4.306978225708008,"z":-0.012927948497235775},"rotation":{"x":0.07248208671808243,"y":-0.7785254716873169,"z":0.09150535613298416,"w":0.616672158241272},"size":0.8041465282440186,"orthographic":true}