{"cameraMode":{"drawMode":0,"name":"Shaded","section":"Shading Mode"},"sceneLighting":true,"audioPlay":false,"sceneViewState":{"m_AlwaysRefresh":false,"showFog":true,"showSkybox":true,"showFlares":true,"showImageEffects":true,"showParticleSystems":true,"showVisualEffectGraphs":true,"m_FxEnabled":true},"in2DMode":false,"pivot":{"x":-0.2851797938346863,"y":-3.8313868045806886,"z":0.009879708290100098},"rotation":{"x":0.0927523821592331,"y":-0.04926667362451553,"z":0.004594007506966591,"w":0.9944635033607483},"size":5.944455146789551,"orthographic":true}