{"cameraMode":{"drawMode":0,"name":"Shaded","section":"Shading Mode"},"sceneLighting":true,"audioPlay":false,"sceneViewState":{"m_AlwaysRefresh":false,"showFog":true,"showSkybox":true,"showFlares":true,"showImageEffects":true,"showParticleSystems":true,"showVisualEffectGraphs":true,"m_FxEnabled":true},"in2DMode":false,"pivot":{"x":0.25090599060058596,"y":-4.4102044105529789,"z":0.2313094288110733},"rotation":{"x":-0.06951747089624405,"y":0.16118492186069489,"z":-0.011376786045730114,"w":-0.98441481590271},"size":13.929940223693848,"orthographic":true}