{"cameraMode":{"drawMode":0,"name":"Shaded","section":"Shading Mode"},"sceneLighting":false,"audioPlay":false,"sceneViewState":{"m_AlwaysRefresh":false,"showFog":true,"showSkybox":false,"showFlares":true,"showImageEffects":true,"showParticleSystems":true,"showVisualEffectGraphs":true,"m_FxEnabled":true},"in2DMode":false,"pivot":{"x":-2.384185791015625e-7,"y":-1.2341463565826417,"z":0.14113879203796388},"rotation":{"x":0.15794317424297334,"y":-0.3236750364303589,"z":0.05489484965801239,"w":0.9312763810157776},"size":9.232782363891602,"orthographic":false}